<?xml version="1.0" encoding="UTF-8"?>
<project-private xmlns="http://www.netbeans.org/ns/project-private/1">
    <editor-bookmarks xmlns="http://www.netbeans.org/ns/editor-bookmarks/2" lastBookmarkId="0"/>
    <open-files xmlns="http://www.netbeans.org/ns/projectui-open-files/2">
        <group>
            <file>file:/C:/Users/hoang/OneDrive/Documents/NetBeansProjects/PiratePillagersProject/src/SquareBlockers/Square.java</file>
            <file>file:/C:/Users/hoang/OneDrive/Documents/NetBeansProjects/PiratePillagersProject/src/CharacterSprites/EnemyMovement.java</file>
            <file>file:/C:/Users/hoang/OneDrive/Documents/NetBeansProjects/PiratePillagersProject/src/CharacterSprites/PlayerCharacter.java</file>
            <file>file:/C:/Users/hoang/OneDrive/Documents/NetBeansProjects/PiratePillagersProject/src/GameFunctions/PiratePillagers.java</file>
            <file>file:/C:/Users/hoang/OneDrive/Documents/NetBeansProjects/PiratePillagersProject/src/CharacterSprites/MovingObject.java</file>
            <file>file:/C:/Users/hoang/OneDrive/Documents/NetBeansProjects/PiratePillagersProject/src/CharacterSprites/Cannonball.java</file>
            <file>file:/C:/Users/hoang/OneDrive/Documents/NetBeansProjects/PiratePillagersProject/src/GameFunctions/Sound.java</file>
            <file>file:/C:/Users/hoang/OneDrive/Documents/NetBeansProjects/PiratePillagersProject/src/GameFunctions/Board.java</file>
            <file>file:/C:/Users/hoang/OneDrive/Documents/NetBeansProjects/PiratePillagersProject/src/GameFunctions/Variables.java</file>
            <file>file:/C:/Users/hoang/OneDrive/Documents/NetBeansProjects/PiratePillagersProject/src/CharacterSprites/Enemy.java</file>
            <file>file:/C:/Users/hoang/OneDrive/Documents/NetBeansProjects/PiratePillagersProject/src/SquareBlockers/Guard.java</file>
            <file>file:/C:/Users/hoang/OneDrive/Documents/NetBeansProjects/PiratePillagersProject/src/CharacterSprites/Bomb.java</file>
        </group>
    </open-files>
</project-private>
