<?xml version="1.0" encoding="UTF-8"?>
<project-private xmlns="http://www.netbeans.org/ns/project-private/1">
    <editor-bookmarks xmlns="http://www.netbeans.org/ns/editor-bookmarks/2" lastBookmarkId="0"/>
    <open-files xmlns="http://www.netbeans.org/ns/projectui-open-files/2">
        <group>
            <file>file:/C:/Users/hoang/OneDrive/Documents/NetBeansProjects/Pirate%20Pillagers/src/pirate/pillagers/PiratePillagers.java</file>
            <file>file:/C:/Users/hoang/OneDrive/Documents/NetBeansProjects/Pirate%20Pillagers/src/pirate/pillagers/Character.java</file>
            <file>file:/C:/Users/hoang/OneDrive/Documents/NetBeansProjects/Pirate%20Pillagers/src/pirate/pillagers/Player.java</file>
            <file>file:/C:/Users/hoang/OneDrive/Documents/NetBeansProjects/Pirate%20Pillagers/src/pirate/pillagers/Board.java</file>
        </group>
    </open-files>
</project-private>
